{"cameraMode":{"drawMode":0,"name":"Shaded","section":"Shading Mode"},"sceneLighting":false,"audioPlay":false,"sceneViewState":{"m_AlwaysRefresh":false,"showFog":true,"showSkybox":false,"showFlares":true,"showImageEffects":true,"showParticleSystems":true,"showVisualEffectGraphs":true,"m_FxEnabled":true},"in2DMode":false,"pivot":{"x":-1.6338671445846558,"y":0.45848965644836428,"z":-0.29910898208618166},"rotation":{"x":0.34707358479499819,"y":0.13275977969169618,"z":-0.04726221039891243,"w":0.9277556538581848},"size":2.199852228164673,"orthographic":false}