{"cameraMode":{"drawMode":0,"name":"Shaded","section":"Shading Mode"},"sceneLighting":false,"audioPlay":false,"sceneViewState":{"m_AlwaysRefresh":false,"showFog":true,"showSkybox":false,"showFlares":true,"showImageEffects":true,"showParticleSystems":true,"showVisualEffectGraphs":true,"m_FxEnabled":true},"in2DMode":false,"pivot":{"x":-0.9871704578399658,"y":-0.38269567489624026,"z":3.7344577312469484},"rotation":{"x":0.3136385679244995,"y":-0.45053818821907046,"z":0.1757858395576477,"w":0.8178113102912903},"size":4.025391578674316,"orthographic":false}