{"cameraMode":{"drawMode":0,"name":"Shaded","section":"Shading Mode"},"sceneLighting":false,"audioPlay":false,"sceneViewState":{"m_AlwaysRefresh":false,"showFog":true,"showSkybox":false,"showFlares":true,"showImageEffects":true,"showParticleSystems":true,"showVisualEffectGraphs":true,"m_FxEnabled":true},"in2DMode":false,"pivot":{"x":-1.8473660945892335,"y":-0.34908580780029299,"z":3.639023780822754},"rotation":{"x":0.29988226294517519,"y":-0.16547420620918275,"z":0.05511324480175972,"w":0.9384562969207764},"size":3.790416955947876,"orthographic":false}