{"cameraMode":{"drawMode":0,"name":"Shaded","section":"Shading Mode"},"sceneLighting":false,"audioPlay":false,"sceneViewState":{"m_AlwaysRefresh":false,"showFog":true,"showSkybox":false,"showFlares":true,"showImageEffects":true,"showParticleSystems":true,"showVisualEffectGraphs":true,"m_FxEnabled":true},"in2DMode":false,"pivot":{"x":-1.4378207921981812,"y":0.27346310019493105,"z":1.834612250328064},"rotation":{"x":0.2150118350982666,"y":-0.21554744243621827,"z":0.05089578405022621,"w":0.9517174363136292},"size":2.429811954498291,"orthographic":false}