{"cameraMode":{"drawMode":0,"name":"Shaded","section":"Shading Mode"},"sceneLighting":false,"audioPlay":false,"sceneViewState":{"m_AlwaysRefresh":false,"showFog":true,"showSkybox":false,"showFlares":true,"showImageEffects":true,"showParticleSystems":true,"showVisualEffectGraphs":true,"m_FxEnabled":true},"in2DMode":false,"pivot":{"x":-0.01142778992652893,"y":0.1642751544713974,"z":0.021046102046966554},"rotation":{"x":0.006657436024397612,"y":-0.9437127113342285,"z":0.331304669380188,"w":0.025785598903894426},"size":0.3995574414730072,"orthographic":false}