{"cameraMode":{"drawMode":0,"name":"Shaded","section":"Shading Mode"},"sceneLighting":true,"audioPlay":false,"sceneViewState":{"m_AlwaysRefresh":false,"showFog":true,"showSkybox":true,"showFlares":true,"showImageEffects":true,"showParticleSystems":true,"showVisualEffectGraphs":true,"m_FxEnabled":true},"in2DMode":false,"pivot":{"x":4.786153316497803,"y":-0.24612019956111909,"z":33.57693099975586},"rotation":{"x":-0.02789723128080368,"y":-0.9799549579620361,"z":0.10523208230733872,"w":-0.17082840204238892},"size":5.819512367248535,"orthographic":false}