{"cameraMode":{"drawMode":0,"name":"Shaded","section":"Shading Mode"},"sceneLighting":true,"audioPlay":false,"sceneViewState":{"m_AlwaysRefresh":false,"showFog":true,"showSkybox":true,"showFlares":true,"showImageEffects":true,"showParticleSystems":true,"showVisualEffectGraphs":true,"m_FxEnabled":true},"in2DMode":false,"pivot":{"x":13.288060188293457,"y":2.5757229328155519,"z":34.970951080322269},"rotation":{"x":-0.2739105224609375,"y":-0.0823216587305069,"z":0.02139386348426342,"w":-0.9585521817207336},"size":0.30244651436805727,"orthographic":false}