{"cameraMode":{"drawMode":0,"name":"Shaded","section":"Shading Mode"},"sceneLighting":false,"audioPlay":false,"sceneViewState":{"m_AlwaysRefresh":false,"showFog":true,"showSkybox":true,"showFlares":true,"showImageEffects":true,"showParticleSystems":true,"showVisualEffectGraphs":true,"m_FxEnabled":true},"in2DMode":false,"pivot":{"x":13.841935157775879,"y":1.9663808345794678,"z":36.68986511230469},"rotation":{"x":-0.13492509722709657,"y":0.20681050419807435,"z":-0.03180810809135437,"w":-0.9691142439842224},"size":0.8065643310546875,"orthographic":false}