{"cameraMode":{"drawMode":0,"name":"Shaded","section":"Shading Mode"},"sceneLighting":false,"audioPlay":false,"sceneViewState":{"m_AlwaysRefresh":false,"showFog":true,"showSkybox":false,"showFlares":true,"showImageEffects":true,"showParticleSystems":true,"showVisualEffectGraphs":true,"m_FxEnabled":true},"in2DMode":false,"pivot":{"x":-1.2462129592895508,"y":-0.025959836319088937,"z":1.807708978652954},"rotation":{"x":-0.29759523272514346,"y":0.26746508479118349,"z":-0.08898472040891648,"w":-0.9127036929130554},"size":3.498020648956299,"orthographic":false}