{"cameraMode":{"drawMode":0,"name":"Shaded","section":"Shading Mode"},"sceneLighting":false,"audioPlay":false,"sceneViewState":{"m_AlwaysRefresh":false,"showFog":true,"showSkybox":false,"showFlares":true,"showImageEffects":true,"showParticleSystems":true,"showVisualEffectGraphs":true,"m_FxEnabled":true},"in2DMode":false,"pivot":{"x":0.006549462676048279,"y":0.19055640697479249,"z":-0.014693096280097962},"rotation":{"x":0.327120304107666,"y":0.01026944350451231,"z":-0.0009692501043900847,"w":0.9454923868179321},"size":0.3299230635166168,"orthographic":false}