{"cameraMode":{"drawMode":0,"name":"Shaded","section":"Shading Mode"},"sceneLighting":false,"audioPlay":false,"sceneViewState":{"m_AlwaysRefresh":false,"showFog":true,"showSkybox":false,"showFlares":true,"showImageEffects":true,"showParticleSystems":true,"showVisualEffectGraphs":true,"m_FxEnabled":true},"in2DMode":false,"pivot":{"x":-0.1858079433441162,"y":1.2152595520019532,"z":0.3167077898979187},"rotation":{"x":0.327120304107666,"y":0.01026944350451231,"z":-0.0009692501043900847,"w":0.9454923868179321},"size":3.3141164779663088,"orthographic":false}