{"cameraMode":{"drawMode":0,"name":"Shaded","section":"Shading Mode"},"sceneLighting":false,"audioPlay":false,"sceneViewState":{"m_AlwaysRefresh":false,"showFog":true,"showSkybox":false,"showFlares":true,"showImageEffects":true,"showParticleSystems":true,"showVisualEffectGraphs":true,"m_FxEnabled":true},"in2DMode":false,"pivot":{"x":-0.003984183073043823,"y":0.23171107470989228,"z":-0.0059119462966918949},"rotation":{"x":-0.2522619664669037,"y":-0.5775043368339539,"z":0.1908395141363144,"w":-0.7533112168312073},"size":0.5282284617424011,"orthographic":false}