{"cameraMode":{"drawMode":0,"name":"Shaded","section":"Shading Mode"},"sceneLighting":false,"audioPlay":false,"sceneViewState":{"m_AlwaysRefresh":false,"showFog":true,"showSkybox":false,"showFlares":true,"showImageEffects":true,"showParticleSystems":true,"showVisualEffectGraphs":true,"m_FxEnabled":true},"in2DMode":false,"pivot":{"x":0.1717924028635025,"y":-0.11573135107755661,"z":0.08698378503322602},"rotation":{"x":-0.1542721837759018,"y":-0.6393675804138184,"z":0.13021983206272126,"w":-0.7426291108131409},"size":0.4280853271484375,"orthographic":false}