{"cameraMode":{"drawMode":0,"name":"Shaded","section":"Shading Mode"},"sceneLighting":false,"audioPlay":false,"sceneViewState":{"m_AlwaysRefresh":false,"showFog":true,"showSkybox":false,"showFlares":true,"showImageEffects":true,"showParticleSystems":true,"showVisualEffectGraphs":true,"m_FxEnabled":true},"in2DMode":false,"pivot":{"x":0.003864854574203491,"y":0.6354995965957642,"z":-0.0011743418872356415},"rotation":{"x":0.07575926184654236,"y":0.3388463854789734,"z":-0.025218484923243524,"w":0.9380303621292114},"size":0.8350203633308411,"orthographic":false}