{"cameraMode":{"drawMode":0,"name":"Shaded","section":"Shading Mode"},"sceneLighting":false,"audioPlay":false,"sceneViewState":{"m_AlwaysRefresh":false,"showFog":true,"showSkybox":false,"showFlares":true,"showImageEffects":true,"showParticleSystems":true,"showVisualEffectGraphs":true,"m_FxEnabled":true},"in2DMode":false,"pivot":{"x":0.012398988008499146,"y":0.17206361889839173,"z":-0.014184951782226563},"rotation":{"x":-0.1542721837759018,"y":-0.6393675804138184,"z":0.13021983206272126,"w":-0.7426291108131409},"size":0.269865483045578,"orthographic":false}