{"cameraMode":{"drawMode":0,"name":"Shaded","section":"Shading Mode"},"sceneLighting":false,"audioPlay":false,"sceneViewState":{"m_AlwaysRefresh":false,"showFog":true,"showSkybox":false,"showFlares":true,"showImageEffects":true,"showParticleSystems":true,"showVisualEffectGraphs":true,"m_FxEnabled":true},"in2DMode":false,"pivot":{"x":0.20562033355236054,"y":0.18505464494228364,"z":0.08755015581846237},"rotation":{"x":-0.005334015935659409,"y":-0.9957312345504761,"z":0.036341480910778049,"w":-0.09065079689025879},"size":0.23322296142578126,"orthographic":false}