{"cameraMode":{"drawMode":0,"name":"Shaded","section":"Shading Mode"},"sceneLighting":false,"audioPlay":false,"sceneViewState":{"m_AlwaysRefresh":false,"showFog":true,"showSkybox":false,"showFlares":true,"showImageEffects":true,"showParticleSystems":true,"showVisualEffectGraphs":true,"m_FxEnabled":true},"in2DMode":false,"pivot":{"x":0.051422119140625,"y":1.7548315525054932,"z":-1.0491447448730469},"rotation":{"x":0.327120304107666,"y":0.01026944350451231,"z":-0.0009692501043900847,"w":0.9454923868179321},"size":7.949105262756348,"orthographic":false}