{"cameraMode":{"drawMode":0,"name":"Shaded","section":"Shading Mode"},"sceneLighting":false,"audioPlay":false,"sceneViewState":{"m_AlwaysRefresh":false,"showFog":true,"showSkybox":false,"showFlares":true,"showImageEffects":true,"showParticleSystems":true,"showVisualEffectGraphs":true,"m_FxEnabled":true},"in2DMode":false,"pivot":{"x":0.000765681266784668,"y":0.07873004674911499,"z":0.013267800211906433},"rotation":{"x":0.22527185082435609,"y":-0.40900853276252749,"z":0.10735274106264115,"w":0.8783520460128784},"size":0.3882485032081604,"orthographic":false}