{"cameraMode":{"drawMode":0,"name":"Shaded","section":"Shading Mode"},"sceneLighting":false,"audioPlay":false,"sceneViewState":{"m_AlwaysRefresh":false,"showFog":true,"showSkybox":false,"showFlares":true,"showImageEffects":true,"showParticleSystems":true,"showVisualEffectGraphs":true,"m_FxEnabled":true},"in2DMode":false,"pivot":{"x":-0.10209929943084717,"y":0.035846829414367679,"z":0.08352541923522949},"rotation":{"x":0.013278692960739136,"y":-0.9852699637413025,"z":0.1212150901556015,"w":0.1241832822561264},"size":2.077547788619995,"orthographic":false}