{"cameraMode":{"drawMode":0,"name":"Shaded","section":"Shading Mode"},"sceneLighting":false,"audioPlay":false,"sceneViewState":{"m_AlwaysRefresh":false,"showFog":true,"showSkybox":false,"showFlares":true,"showImageEffects":true,"showParticleSystems":true,"showVisualEffectGraphs":true,"m_FxEnabled":true},"in2DMode":false,"pivot":{"x":1.7881393432617188e-7,"y":0.5500521659851074,"z":0.014608494937419892},"rotation":{"x":-0.2522619664669037,"y":-0.5775043368339539,"z":0.1908395141363144,"w":-0.7533112168312073},"size":1.0302668809890748,"orthographic":false}