{"cameraMode":{"drawMode":0,"name":"Shaded","section":"Shading Mode"},"sceneLighting":false,"audioPlay":false,"sceneViewState":{"m_AlwaysRefresh":false,"showFog":true,"showSkybox":false,"showFlares":true,"showImageEffects":true,"showParticleSystems":true,"showVisualEffectGraphs":true,"m_FxEnabled":true},"in2DMode":false,"pivot":{"x":0.31378912925720217,"y":3.537134885787964,"z":0.21513402462005616},"rotation":{"x":0.327120304107666,"y":0.01026944350451231,"z":-0.0009692501043900847,"w":0.9454923868179321},"size":4.596184730529785,"orthographic":false}