{"cameraMode":{"drawMode":0,"name":"Shaded","section":"Shading Mode"},"sceneLighting":false,"audioPlay":false,"sceneViewState":{"m_AlwaysRefresh":false,"showFog":true,"showSkybox":false,"showFlares":true,"showImageEffects":true,"showParticleSystems":true,"showVisualEffectGraphs":true,"m_FxEnabled":true},"in2DMode":false,"pivot":{"x":0.2311137467622757,"y":0.27486491203308108,"z":0.052056167274713519},"rotation":{"x":-0.011409652419388295,"y":-0.9337096810340881,"z":0.35851436853408816,"w":-0.023885169997811319},"size":0.5982092022895813,"orthographic":false}