{"cameraMode":{"drawMode":0,"name":"Shaded","section":"Shading Mode"},"sceneLighting":false,"audioPlay":false,"sceneViewState":{"m_AlwaysRefresh":false,"showFog":true,"showSkybox":false,"showFlares":true,"showImageEffects":true,"showParticleSystems":true,"showVisualEffectGraphs":true,"m_FxEnabled":true},"in2DMode":false,"pivot":{"x":-0.00024365633726119995,"y":-0.00022767484188079834,"z":-0.0028575528413057329},"rotation":{"x":-0.17157594859600068,"y":-0.755825936794281,"z":0.21384482085704804,"w":-0.5955038666725159},"size":0.09355999529361725,"orthographic":false}